cabotage_emissions_savings_pct,cabotage_pct_diff,cargo_t,cargo_teu,component_total_delta_kgco2e,component_total_emissions_kgco2e,destiny_city,destiny_label,destiny_query,error,hoteling_basis,hoteling_emissions_kgco2e,hoteling_exclusion_reason,hoteling_fallback_flag,hoteling_hours_total,hoteling_included,hoteling_requested,hoteling_source_level,hoteling_warning,marine_emissions_kgco2e,modal_conclusion_matches_workbook,model_cabotage_kg_co2e_per_container,model_emissions_winner,model_road_kg_co2e_per_container,model_savings_pct,multimodal_cost_brl,navigation_emissions_kgco2e,on_carriage_emissions_kgco2e,origin_city,origin_label,origin_query,port_destiny_name,port_ops_emissions_kgco2e,port_ops_fallback_flag,port_ops_included,port_ops_source_level,port_ops_source_level_counts,port_ops_warning_count,port_ops_warnings,port_origin_name,pre_carriage_emissions_kgco2e,road_cost_brl,road_distance_km,road_pct_diff,road_vs_cabotage_delta_kgco2e,road_vs_cabotage_pct_difference,sailing_fuel_calc_mode,sea_distance_km,sea_fuel_g_per_tnm,sea_fuel_g_per_tnm_source,sea_route_corridor_leg_count,sea_route_corridor_port_path,sea_route_match_rate_tonne_nm,sea_route_matched_imo_count,sea_route_matched_segment_count,sea_route_voyage_count,sea_sailing_fuel_kg,sea_total_fuel_kg,status,workbook_cabotage_kg_co2e_per_container,workbook_emissions_winner,workbook_road_kg_co2e_per_container,workbook_savings_pct
85.35916636698312,94.4958524400442,14.0,1.0,0.0,1461.7869605919852,Fortaleza,"Fortaleza, CE","Fortaleza, CE",,,0.0,included_in_transport_work_intensity,False,0.0,False,True,,,1419.7934204912233,True,1461.7869605919852,cabotage_lower_emissions,9984.315082274248,85.35916636698312,1269.2601929235993,1419.7934204912233,15.517827424749164,Manaus,"Manaus, AM","Manaus, AM",Porto de Fortaleza,12.917243110795454,True,True,literature_default,{'literature_default': 2},2,"['No port-specific observed port-ops records were available; used documented moves-based scenario.', 'sts_quay has movement activity but no explicit energy factor in the documented artifact; its contribution is marked unavailable instead of inferred as zero.']",Porto de Manaus,13.558469565217392,22986.277633444814,5569.6086,475.83385236216145,-8522.528121682262,-85.3591663669831,same_od_transport_work_weighted_mean_with_mean_onboard_cargo_weighted_observed_voyage_distance,7948.34,7.588275,antaq_mrv_same_od_transport_work_weighted_mean,0,[],0.020474,1,11,10,455.93879913012955,460.03568593765795,ok,751.5774461270836,cabotage_lower_emissions,1733.8881764795542,56.653637972601636
95.63743608118087,-54.72472768777815,14.0,1.0,0.0,434.7109399277693,Recife,"Recife, PE","Recife, PE",,,0.0,included_in_transport_work_intensity,False,0.0,False,True,,,404.91812223503405,True,434.7109399277693,cabotage_lower_emissions,9964.574686287628,95.63743608118087,404.3382365435989,404.91812223503405,3.3171050167224085,Manaus,"Manaus, AM","Manaus, AM",Porto do Recife,12.917243110795454,True,True,literature_default,{'literature_default': 2},2,"['No port-specific observed port-ops records were available; used documented moves-based scenario.', 'sts_quay has movement activity but no explicit energy factor in the documented artifact; its contribution is marked unavailable instead of inferred as zero.']",Porto de Manaus,13.558469565217392,22922.239903344485,5558.5967,371.55912731629155,-9529.863746359859,-95.63743608118087,transport_work_intensity,2833.8239182927737,6.07,vessel_class_transport_work_intensity,0,[],,0,0,0,130.03151003051832,134.12839683804674,ok,960.1509118045019,cabotage_lower_emissions,2113.1124622690277,54.56224271312533
80.15664600977685,-10.734697622984893,14.0,1.0,0.0,1522.7148881235119,Rio de Janeiro,"Rio de Janeiro, RJ","Rio de Janeiro, RJ",,,0.0,included_in_transport_work_intensity,False,0.0,False,True,,,1492.2399700963285,True,1522.7148881235119,cabotage_lower_emissions,7673.676984615386,80.15664600977685,1305.2965322467849,1492.2399700963285,3.9992053511705694,Manaus,"Manaus, AM","Manaus, AM",Porto do Rio de Janeiro,12.917243110795454,True,True,literature_default,{'literature_default': 2},2,"['No port-specific observed port-ops records were available; used documented moves-based scenario.', 'sts_quay has movement activity but no explicit energy factor in the documented artifact; its contribution is marked unavailable instead of inferred as zero.']",Porto de Manaus,13.558469565217392,18124.76690769231,4280.6519,164.40443677363686,-6150.962096491874,-80.15664600977686,same_od_transport_work_weighted_mean_with_mean_onboard_cargo_weighted_observed_voyage_distance,6946.769,9.125363,antaq_mrv_same_od_transport_work_weighted_mean,0,[],,0,30,25,479.20358705726676,483.30047386479515,ok,1705.8306504046473,cabotage_lower_emissions,2902.2497043742915,41.22384962832084
79.17217183113492,-11.66250098940093,14.0,1.0,0.0,1448.215807860771,Sao Paulo,"São Paulo, SP","São Paulo, SP",,,0.0,included_in_transport_work_intensity,False,0.0,False,True,,,1270.5119078937882,True,1448.215807860771,cabotage_lower_emissions,6953.27326555184,79.17217183113492,1458.2290220251286,1270.5119078937882,151.22818729096994,Manaus,"Manaus, AM","Manaus, AM",Porto de Santos,12.917243110795454,True,True,literature_default,{'literature_default': 2},2,"['No port-specific observed port-ops records were available; used documented moves-based scenario.', 'sts_quay has movement activity but no explicit energy factor in the documented artifact; its contribution is marked unavailable instead of inferred as zero.']",Porto de Manaus,13.558469565217392,16384.29875819398,3878.7849,153.36018356755068,-5505.057457691069,-79.17217183113492,same_od_transport_work_weighted_mean_with_mean_onboard_cargo_weighted_observed_voyage_distance,5931.919,9.098669,antaq_mrv_same_od_transport_work_weighted_mean,0,[],0.33883,3,45,136,407.99997042189733,412.0968572294257,ok,1639.412281399328,cabotage_lower_emissions,2744.4222559532386,40.263846868203586
94.42590721680348,-45.46311301196702,14.0,1.0,0.0,555.994320183085,Manaus,"Manaus, AM","Manaus, AM",,,0.0,included_in_transport_work_intensity,False,0.0,False,True,,,516.3788991458682,True,555.994320183085,cabotage_lower_emissions,9974.615454180603,94.42590721680348,517.4512439407815,516.3788991458682,12.123101003344484,Fortaleza,"Fortaleza, CE","Fortaleza, CE",Porto de Manaus,12.917243110795454,True,True,literature_default,{'literature_default': 2},2,"['No port-specific observed port-ops records were available; used documented moves-based scenario.', 'sts_quay has movement activity but no explicit energy factor in the documented artifact; its contribution is marked unavailable instead of inferred as zero.']",Porto de Fortaleza,14.575076923076924,22963.946773244148,5564.1978,403.1810092317307,-9418.621133997518,-94.4259072168035,same_od_transport_work_weighted_mean_with_mean_onboard_cargo_weighted_observed_voyage_distance,2991.0,7.334093,antaq_mrv_same_od_transport_work_weighted_mean,0,[],0.046145,1,4,6,165.8249515561555,169.92183836368392,ok,1019.4830524615143,cabotage_lower_emissions,1982.3115879134816,48.57099869276404
92.8685767078299,-70.06282274869424,14.0,1.0,0.0,344.80260387160456,Rio de Janeiro,"Rio de Janeiro, RJ","Rio de Janeiro, RJ",,,0.0,included_in_transport_work_intensity,False,0.0,False,True,,,313.3110784865616,True,344.80260387160456,cabotage_lower_emissions,4834.975989297659,92.8685767078299,328.567172873723,313.3110784865616,3.9992053511705694,Fortaleza,"Fortaleza, CE","Fortaleza, CE",Porto do Rio de Janeiro,12.917243110795454,True,True,literature_default,{'literature_default': 2},2,"['No port-specific observed port-ops records were available; used documented moves-based scenario.', 'sts_quay has movement activity but no explicit energy factor in the documented artifact; its contribution is marked unavailable instead of inferred as zero.']",Porto de Fortaleza,14.575076923076924,10806.532155183948,2697.1228,156.27680413118304,-4490.173385426055,-92.8685767078299,transport_work_intensity,2192.7110181696466,6.07,vessel_class_transport_work_intensity,0,[],,0,0,0,100.61370535856186,104.71059216609027,ok,1151.7538910805808,cabotage_lower_emissions,1886.6225547368424,38.95154660433737
88.82226334582764,-42.12832797591073,14.0,1.0,0.0,628.1018136963326,Sao Paulo,"São Paulo, SP","São Paulo, SP",,,0.0,included_in_transport_work_intensity,False,0.0,False,True,,,449.38130637149027,True,628.1018136963326,cabotage_lower_emissions,5619.221789966557,88.82226334582764,777.0612726468,449.38130637149027,151.22818729096994,Fortaleza,"Fortaleza, CE","Fortaleza, CE",Porto de Santos,12.917243110795454,True,True,literature_default,{'literature_default': 2},2,"['No port-specific observed port-ops records were available; used documented moves-based scenario.', 'sts_quay has movement activity but no explicit energy factor in the documented artifact; its contribution is marked unavailable instead of inferred as zero.']",Porto de Fortaleza,14.575076923076924,12527.929177257525,3134.6032,149.282746772131,-4991.119976270224,-88.82226334582762,transport_work_intensity,3145.0,6.07,vessel_class_transport_work_intensity,0,[],,0,0,0,144.30998920086392,148.40687600839235,ok,1085.335522075262,cabotage_lower_emissions,2254.155918421053,51.851799016835685
95.63554247743686,-65.42503203547486,14.0,1.0,0.0,434.21384026221745,Manaus,"Manaus, AM","Manaus, AM",,,0.0,included_in_transport_work_intensity,False,0.0,False,True,,,404.91812223503405,True,434.21384026221745,cabotage_lower_emissions,9948.86164013378,95.63554247743686,402.8891602894183,404.91812223503405,12.123101003344484,Recife,"Recife, PE","Recife, PE",Porto de Manaus,12.917243110795454,True,True,literature_default,{'literature_default': 2},2,"['No port-specific observed port-ops records were available; used documented moves-based scenario.', 'sts_quay has movement activity but no explicit energy factor in the documented artifact; its contribution is marked unavailable instead of inferred as zero.']",Porto do Recife,4.255373913043479,22886.094034113714,5549.8314,321.28776238040723,-9514.647799871564,-95.63554247743686,transport_work_intensity,2833.8239182927737,6.07,vessel_class_transport_work_intensity,0,[],,0,0,0,130.03151003051832,134.12839683804674,ok,1255.8618729820155,cabotage_lower_emissions,2361.5358737029555,46.820122998479455
93.02369210694874,-69.37887189496355,14.0,1.0,0.0,288.93110088147625,Rio de Janeiro,"Rio de Janeiro, RJ","Rio de Janeiro, RJ",,,0.0,included_in_transport_work_intensity,False,0.0,False,True,,,267.7592785064667,True,288.93110088147625,cabotage_lower_emissions,4141.604775919734,93.02369210694874,268.449629273104,267.7592785064667,3.9992053511705694,Recife,"Recife, PE","Recife, PE",Porto do Rio de Janeiro,12.917243110795454,True,True,literature_default,{'literature_default': 2},2,"['No port-specific observed port-ops records were available; used documented moves-based scenario.', 'sts_quay has movement activity but no explicit energy factor in the documented artifact; its contribution is marked unavailable instead of inferred as zero.']",Porto do Recife,4.255373913043479,9249.068874581943,2310.3355,144.3159855218639,-3852.6736750382574,-93.02369210694874,transport_work_intensity,1873.9162465443017,6.07,vessel_class_transport_work_intensity,0,[],,0,0,0,85.98563856983517,90.08252537736358,ok,943.5677872166768,cabotage_lower_emissions,1695.1837052631583,44.33831659146355
89.965477086009,-45.79774996882029,14.0,1.0,5.684341886080802e-14,475.4347208059583,Sao Paulo,"São Paulo, SP","São Paulo, SP",,,0.0,included_in_transport_work_intensity,False,0.0,False,True,,,307.03391649114945,True,475.43472080595836,cabotage_lower_emissions,4737.990284949833,89.965477086009,636.9851010037924,307.03391649114945,151.22818729096994,Recife,"Recife, PE","Recife, PE",Porto de Santos,12.917243110795454,True,True,literature_default,{'literature_default': 2},2,"['No port-specific observed port-ops records were available; used documented moves-based scenario.', 'sts_quay has movement activity but no explicit energy factor in the documented artifact; its contribution is marked unavailable instead of inferred as zero.']",Porto do Recife,4.255373913043479,10554.403731772576,2643.0207,144.87666441163836,-4262.555564143875,-89.965477086009,transport_work_intensity,2148.7802311171663,6.07,vessel_class_transport_work_intensity,0,[],,0,0,0,98.59791794834601,102.69480475587442,ok,877.1494182113579,cabotage_lower_emissions,1934.847608421053,54.665710395292464
89.98154228952184,-36.93280833206079,14.0,1.0,0.0,875.1659448287332,Manaus,"Manaus, AM","Manaus, AM",,,0.0,included_in_transport_work_intensity,False,0.0,False,True,,,842.44825221961,True,875.1659448287332,cabotage_lower_emissions,8735.53564949833,89.98154228952184,773.0637333314146,842.44825221961,12.123101003344484,Salvador,"Salvador, BA","Salvador, BA",Porto de Manaus,12.917243110795454,True,True,literature_default,{'literature_default': 2},2,"['No port-specific observed port-ops records were available; used documented moves-based scenario.', 'sts_quay has movement activity but no explicit energy factor in the documented artifact; its contribution is marked unavailable instead of inferred as zero.']",Porto de Salvador,7.677348494983279,20502.432550501675,4872.9947,266.844437723806,-7860.369704669596,-89.98154228952184,same_od_transport_work_weighted_mean_with_mean_onboard_cargo_weighted_observed_voyage_distance,3839.071,9.32205,antaq_mrv_same_od_transport_work_weighted_mean,0,[],0.343039,3,0,53,270.5357264674406,274.632613274969,ok,1387.6722931261136,cabotage_lower_emissions,2381.2643047555866,41.725398127590694
91.41033750513647,-67.69995937068416,14.0,1.0,0.0,183.22886396107327,Fortaleza,"Fortaleza, CE","Fortaleza, CE",,,0.0,included_in_transport_work_intensity,False,0.0,False,True,,,147.11644493054538,True,183.22886396107327,cabotage_lower_emissions,2133.1322862876254,91.41033750513647,201.35039231946337,147.11644493054538,15.517827424749164,Salvador,"Salvador, BA","Salvador, BA",Porto de Fortaleza,12.917243110795454,True,True,literature_default,{'literature_default': 2},2,"['No port-specific observed port-ops records were available; used documented moves-based scenario.', 'sts_quay has movement activity but no explicit energy factor in the documented artifact; its contribution is marked unavailable instead of inferred as zero.']",Porto de Salvador,7.677348494983279,4735.872053511706,1189.9376,146.77676128243013,-1949.9034223265521,-91.41033750513647,transport_work_intensity,1029.5960529432443,6.07,vessel_class_transport_work_intensity,0,[],,0,0,0,47.243559707946496,51.3404465154749,ok,567.2713110917044,cabotage_lower_emissions,864.3975531578949,34.373794902669744
91.67697101472822,-63.9679402502263,14.0,1.0,0.0,120.5450667763361,Recife,"Recife, PE","Recife, PE",,,0.0,included_in_transport_work_intensity,False,0.0,False,True,,,96.63337015383496,True,120.5450667763361,cabotage_lower_emissions,1448.3316949832777,91.67697101472822,133.07091896618198,96.63337015383496,3.3171050167224085,Salvador,"Salvador, BA","Salvador, BA",Porto do Recife,12.917243110795454,True,True,literature_default,{'literature_default': 2},2,"['No port-specific observed port-ops records were available; used documented moves-based scenario.', 'sts_quay has movement activity but no explicit energy factor in the documented artifact; its contribution is marked unavailable instead of inferred as zero.']",Porto de Salvador,7.677348494983279,3212.8104204013375,807.9313,134.0215439313298,-1327.7866282069415,-91.67697101472822,transport_work_intensity,676.2897005835306,6.07,vessel_class_transport_work_intensity,0,[],,0,0,0,31.031910775155737,35.12879758268414,ok,334.5494751437106,cabotage_lower_emissions,618.8881889473686,45.943470707895294
84.78307109074382,-37.50393253472492,14.0,1.0,0.0,1164.6080257584113,Manaus,"Manaus, AM","Manaus, AM",,,0.0,included_in_transport_work_intensity,False,0.0,False,True,,,1135.8778863265456,True,1164.6080257584113,cabotage_lower_emissions,7653.371010033446,84.78307109074382,1006.7246228868067,1135.8778863265456,12.123101003344484,Rio de Janeiro,"Rio de Janeiro, RJ","Rio de Janeiro, RJ",Porto de Manaus,12.917243110795454,True,True,literature_default,{'literature_default': 2},2,"['No port-specific observed port-ops records were available; used documented moves-based scenario.', 'sts_quay has movement activity but no explicit energy factor in the documented artifact; its contribution is marked unavailable instead of inferred as zero.']",Porto do Rio de Janeiro,3.689795317725753,18076.805408026758,4269.3245,142.9122517227619,-6488.762984275034,-84.78307109074382,same_od_transport_work_weighted_mean_with_mean_onboard_cargo_weighted_observed_voyage_distance,5263.073,9.168253,antaq_mrv_same_od_transport_work_weighted_mean,0,[],,0,21,30,364.764896058621,368.8617828661494,ok,1863.490093045465,cabotage_lower_emissions,3150.6731158082184,40.85422306441212
92.84327586492326,-66.88337164166114,14.0,1.0,5.684341886080802e-14,345.43594433983196,Fortaleza,"Fortaleza, CE","Fortaleza, CE",,,0.0,included_in_transport_work_intensity,False,0.0,False,True,,,313.3110784865616,True,345.435944339832,cabotage_lower_emissions,4826.73270367893,92.84327586492326,329.9079802315825,313.3110784865616,15.517827424749164,Rio de Janeiro,"Rio de Janeiro, RJ","Rio de Janeiro, RJ",Porto de Fortaleza,12.917243110795454,True,True,literature_default,{'literature_default': 2},2,"['No port-specific observed port-ops records were available; used documented moves-based scenario.', 'sts_quay has movement activity but no explicit energy factor in the documented artifact; its contribution is marked unavailable instead of inferred as zero.']",Porto do Rio de Janeiro,3.689795317725753,10788.107796655519,2692.5244,155.83987064928272,-4481.296759339099,-92.84327586492327,transport_work_intensity,2192.7110181696466,6.07,vessel_class_transport_work_intensity,0,[],,0,0,0,100.61370535856186,104.71059216609027,ok,1043.0891110110558,cabotage_lower_emissions,1886.6225547368424,44.711298590588925
93.05080642099884,-64.49962494730266,14.0,1.0,5.684341886080802e-14,287.68342195171033,Recife,"Recife, PE","Recife, PE",,,0.0,included_in_transport_work_intensity,False,0.0,False,True,,,267.7592785064667,True,287.6834219517104,cabotage_lower_emissions,4139.810161872911,93.05080642099884,265.70201857076285,267.7592785064667,3.3171050167224085,Rio de Janeiro,"Rio de Janeiro, RJ","Rio de Janeiro, RJ",Porto do Recife,12.917243110795454,True,True,literature_default,{'literature_default': 2},2,"['No port-specific observed port-ops records were available; used documented moves-based scenario.', 'sts_quay has movement activity but no explicit energy factor in the documented artifact; its contribution is marked unavailable instead of inferred as zero.']",Porto do Rio de Janeiro,3.689795317725753,9245.061126421406,2309.3344,144.21012006071942,-3852.1267399212,-93.05080642099882,transport_work_intensity,1873.9162465443017,6.07,vessel_class_transport_work_intensity,0,[],,0,0,0,85.98563856983517,90.08252537736358,ok,810.3672750630619,cabotage_lower_emissions,1695.1837052631581,52.19590227613345
91.25647183509838,-54.41718598660644,14.0,1.0,0.0,255.5988918800531,Salvador,"Salvador, BA","Salvador, BA",,,0.0,included_in_transport_work_intensity,False,0.0,False,True,,,229.9216220134048,True,255.5988918800531,cabotage_lower_emissions,2923.292371906355,91.25647183509838,248.3882925618678,229.9216220134048,9.070231438127092,Rio de Janeiro,"Rio de Janeiro, RJ","Rio de Janeiro, RJ",Porto de Salvador,12.917243110795454,True,True,literature_default,{'literature_default': 2},2,"['No port-specific observed port-ops records were available; used documented moves-based scenario.', 'sts_quay has movement activity but no explicit energy factor in the documented artifact; its contribution is marked unavailable instead of inferred as zero.']",Porto do Rio de Janeiro,3.689795317725753,6664.670295652175,1630.7172,144.99503566785967,-2667.693480026302,-91.25647183509838,same_od_transport_work_weighted_mean_with_mean_onboard_cargo_weighted_observed_voyage_distance,1598.327,6.110947,antaq_mrv_same_od_transport_work_weighted_mean,0,[],0.013378,2,74,75,73.83481760224946,77.93170440977786,ok,560.7352187711595,cabotage_lower_emissions,1193.2047373684213,53.00595101492432
78.63401481265342,-24.33785358562279,14.0,1.0,0.0,1482.2729181284924,Manaus,"Manaus, AM","Manaus, AM",,,0.0,included_in_transport_work_intensity,False,0.0,False,True,,,1302.7598837133492,True,1482.2729181284924,cabotage_lower_emissions,6937.536018729098,78.63401481265342,1488.790101436254,1302.7598837133492,12.123101003344484,Sao Paulo,"São Paulo, SP","São Paulo, SP",Porto de Manaus,12.917243110795454,True,True,literature_default,{'literature_default': 2},2,"['No port-specific observed port-ops records were available; used documented moves-based scenario.', 'sts_quay has movement activity but no explicit energy factor in the documented artifact; its contribution is marked unavailable instead of inferred as zero.']",Porto de Santos,154.47269030100335,16347.216402341137,3870.0061,131.80400160044852,-5455.263100600606,-78.63401481265343,same_od_transport_work_weighted_mean_with_mean_onboard_cargo_weighted_observed_voyage_distance,6142.461,9.009824,antaq_mrv_same_od_transport_work_weighted_mean,0,[],0.147449,3,81,89,418.3557751166825,422.4526619242109,ok,1959.068025919541,cabotage_lower_emissions,2992.845667387165,34.54162881610062
86.42516243000804,-33.025056169049606,14.0,1.0,0.0,762.6216130636104,Fortaleza,"Fortaleza, CE","Fortaleza, CE",,,0.0,included_in_transport_work_intensity,False,0.0,False,True,,,579.7138522270625,True,762.6216130636104,cabotage_lower_emissions,5617.905990635452,86.42516243000804,894.1832448586372,579.7138522270625,15.517827424749164,Sao Paulo,"São Paulo, SP","São Paulo, SP",Porto de Fortaleza,12.917243110795454,True,True,literature_default,{'literature_default': 2},2,"['No port-specific observed port-ops records were available; used documented moves-based scenario.', 'sts_quay has movement activity but no explicit energy factor in the documented artifact; its contribution is marked unavailable instead of inferred as zero.']",Porto de Santos,154.47269030100335,12524.995632107022,3133.8692,149.22437461959476,-4855.284377571842,-86.42516243000804,same_od_transport_work_weighted_mean_with_mean_onboard_cargo_weighted_observed_voyage_distance,3314.509,7.43,antaq_mrv_same_od_transport_work_weighted_mean,0,[],,0,3,1,186.16372903887685,190.26061584640527,ok,1138.667043885132,cabotage_lower_emissions,2254.1559184210532,49.48587918963817
89.93201290846923,-47.26602108669466,14.0,1.0,0.0,477.7409549196707,Recife,"Recife, PE","Recife, PE",,,0.0,included_in_transport_work_intensity,False,0.0,False,True,,,307.03391649114945,True,477.7409549196707,cabotage_lower_emissions,4745.148663545151,89.93201290846923,642.3566060205147,307.03391649114945,3.3171050167224085,Sao Paulo,"São Paulo, SP","São Paulo, SP",Porto do Recife,12.917243110795454,True,True,literature_default,{'literature_default': 2},2,"['No port-specific observed port-ops records were available; used documented moves-based scenario.', 'sts_quay has movement activity but no explicit energy factor in the documented artifact; its contribution is marked unavailable instead of inferred as zero.']",Porto de Santos,154.47269030100335,10570.349821404683,2647.0139,145.24663559511362,-4267.40770862548,-89.93201290846923,transport_work_intensity,2148.7802311171663,6.07,vessel_class_transport_work_intensity,0,[],,0,0,0,98.59791794834601,102.69480475587442,ok,905.9452079371381,cabotage_lower_emissions,1934.847608421053,53.177438678158154
75.18202263768501,33.43246424502012,14.0,1.0,-1.1368683772161603e-13,875.7348114043937,Salvador,"Salvador, BA","Salvador, BA",,,0.0,included_in_transport_work_intensity,False,0.0,False,True,,,699.2746465544677,True,875.7348114043936,cabotage_lower_emissions,3528.6308735785956,75.18202263768501,980.311934884593,699.2746465544677,9.070231438127092,Sao Paulo,"São Paulo, SP","São Paulo, SP",Porto de Salvador,12.917243110795454,True,True,literature_default,{'literature_default': 2},2,"['No port-specific observed port-ops records were available; used documented moves-based scenario.', 'sts_quay has movement activity but no explicit energy factor in the documented artifact; its contribution is marked unavailable instead of inferred as zero.']",Porto de Santos,154.47269030100335,8025.001930769232,1968.3967,150.3486292175255,-2652.896062174202,-75.18202263768501,same_od_transport_work_weighted_mean_with_mean_onboard_cargo_weighted_observed_voyage_distance,3092.51,9.605744,antaq_mrv_same_od_transport_work_weighted_mean,0,[],0.099229,6,200,165,224.55833222686826,228.65521903439668,ok,656.3131516452355,cabotage_lower_emissions,1409.4867963157897,53.4360198789552
